berita_preprocessed,class
informasi khusus umat muslim teliti hati pilih sikat gigi produk bersih gigi bahan halal beli sikat gigi periksa kemas tulis bristle kemas arti sikat gigi kandung bulu babi bristle arti pig hair alias bulu babi periksa kemas sikat gigi beli kuas oles roti tulis bristle pure bristle 100 china bristle info keluarga teman facebook orang baca hindar produk halal,0
gelisah khabar angin bahawa main video pokemon unsur agama budaya yahudi orang anut islam aju orang raba baitulmaqdis ben abrahamson asas tubuh al sadiqin buah pusat kaji sejarah islam yahudi pokemon sebarang makna budaya yahudi tiada maksud budaya ben laman facebook peribadinya jepun budaya main video jepun simbol tulis muncul animasi jepun ben ramai raba suka pokemon ramai raba suka rana membazir orang sesat internet diberitahu bahawa pokemon ramai umat islam kecoh ruang komen ben petik ayat 6 surah al-hujurat quran khabar angin siar internet ayat saran umat islam selidik berita perkara timpa kaum bawa kesal laman webnya ben al sadiqin cari terang waris agama islam yahudi tolak tanggap bahawa agama rupa seteru azali khabar angin bahawa pokemon rupa cipta yahudi unsur agama sebar umat islam media sosial internet tuduh asas pokemon maksud yahudi bahasa suryani nama makhluk pikachu charmander maksud yahudi tuhan lemah pokemon terbit syarikat nintendo nama rupa singkat pocket monsters rujuk 722 makhluk comel kumpul main main video mufti perak tan sri harussani zakaria saran malaysia haram aplikasi main augmented reality pokemon go rana anggap unsur judi mufti pahang datuk seri abdul rahman osman haram bukti kandung unsur judi,0
napi teroris rumah tahan kelapa depok jawa barat libat ribut rusa fasilitas rutan edar kabar ribut picu lempar alquran oknum aparat densus 88 antiteror kabar ban kepala terang divisi humas mabes polri martinus sitompul mantan kabid humas polda metro jaya ribut tengara geledah tugas napi teroris lempar alquran tugas jaga martinus terang tulis jumat 10 november 2017 martinus laku tugas laku periksa hadap buku benda sel tugas laku periksa hadap buku benda sel jejaring sosial marak edar informasi ribut tengara lempar alquran tugas napi amuk rusak fasilitas tahan rusuh mako brimob kelapa depok tawan teroris bakar hancur ruang tugas jaga ahmad tim nya lempar al quran akibat tawan amuk penggal informasi duga hoaks edar publik aman ketat ribut area blok c b mako brimob kelapa depok lokasi jumat malam lihat tugas jaga ketat buah mobil baracuda polisi motor pakai serba hitam lihat pasuk mako brimob kelapa depok jaga ketat aman polisi tugas siaga awak media lokasi pergi orang tugas sembari awak media gerbang utama mako brimob depok pergi,1
facebook tutup-belakangan santer dengar kena wacana facebook tutup beku tanah air resah andal facebook media komunikasi media jual barang online alas perintah blokir facebook penyalahgunaan data hadap facebook bocor takut bahaya stabilitas aman negeri facebook masyarakat indonesia media komunikasi tanggal 17 april 2018 dpr laku temu facebook perintah itikad puluh facebook laku audit laku lapor kabar kalanjutannya dpr aju henti hadap facebook facebook teknologi terkadang sisi terkadang gantung akibat provokasi media sosial sikap kembang dunia teknologi positif kena facebook tutup alangkah tunggu kabar facebook perintah putus blokir facebook cari medsos pilih sekian share rud-arsenio com kali moga senang,0
komisi i dpr ri reaksi bocor data 1 juta facebook indonesia facebook nilai langgar undang undang laku meutya hafid wakil ketua fraksi golkar komisi i lihat facebook laku langgar serius meutya kutip uu ite pasal 32 atur langgar facebook orang negara daulat hukum indonesia penuh langgar kena sanksi sesuai atur hukum laku kicau meutya hubung whatsapp kamis 5 4 2018 meutya perintah tuntut jatuh sanksi tutup akses facebook khawatir jejaring sosial hukum preseden buruk usaha internet indonesia sila perintah pilih opsi hanafi rais fraksi pan usul komisi i dpr panggil facebook indonesia kait temu data bocor laku rapat internal resmi kirim surat hanafi panggil hanafi agenda arah tagih klarifikasi facebook wakil facebook indonesia penuh panggil menteri komunikasi informatika rudiantara panggil upaya klarifikasi perintah hadap bocor data 1 juta facebook indonesia total 87 juta dunia kait skandal cambridge analytica hasil temu rudiantara facebook rupa aplikasi jalan platform facebook tutup rudiantara segan tutup layan facebook indonesia bandel penuh perintah aplikasi di-shut down shut down,0
aplikasi mesan hotel tiket jalan traveloka klarifikasi kabar edar hadap cto traveloka derianto kusuma pr manager traveloka busrya oryza derianto kusuma hadir momen 90 kolese kanisius hall d jiexpo mayor sabtu 11 11 sejati derianto hadir salah terima harga acara hadir gubernur dki anies baswedan deri derianto hadir beliau laku jalan dinas rencana bilang deri dukung ananda beliau situ busyra selasa sore 14 11 lini dunia maya sorot boikot traveloka tagar uninstalltraveloka tahan senin malam selasa sore boikot traveloka laku warganet anggap derianto applause ananda sukarlan laku aksi walk out gubernur dki anies baswedan pidato ananda nilai panitia undang gubernur anies berangan nilai kanisius lihat ramai investigasi beliau halang hadir ambil sikap singkat derianto ananda alumni kolese kanisius prestasi terima harga acara romo magnis suseno tokoh jesuit irwan ismaun soenggono tokoh bina pramuka dr boenjamin setiawan kalbe farma,1
artikel tebar enak terjemah arti pokemon yahudi ketidaksukaan fans pokemon tempur cinta benci pokemon orang cari trafik halal fitnah embel agama judul artikel translasi pokemon yahudi invalid pertanggungjawabkan ambil bahasa erti masuk akal arti pokemon pocket monsters yahudi oke sekira terjemah bahasa inggris puas ayo simak sejarah nama pokemon satoshi tajiri orang anak tinggal pinggir kota tokyo hobi tangkap serangga kecebong rumah hobi tarik latih tangkap serangga kecebong ajak anak laku milik gembira main rumah tajiri anjak dewasa teman ken sugimori teman gelut game usaha game nya nama creatures tajiri kali kenal game boy main konsol kabel imajinasi serangga jalan kabel kena pengaruh film fantasi ultraman ultra seven si ultraman kapsul lawan monster modal mendesin buah game nama capsule monsters kali gagal aju game nintendo shigeru miyamoto teman tajur bawa capsule monsters langsung bawa capsule monsters usaha nintendo nintendo biaya mendevelop game habis 6 proses butuh game trending dunia lambat tajiri daftar trademark capsule monsters orang ambil alih nama ganti nama capsule monsters pocket monsters sejarah hubung tajiri syriac suryani fitnah pokemon nama pokemon yahudi so suka pokemon enjoy aja main main takut khawatir translasi invalid orang arti pokemon,1
pesan hoaks bersliweran media sosial tusuk jarum jari pasien stroke darah satu-dua tetes tusuk area daun telinga jari konon lancar bantu oksigen masuk tubuh stroke sumbat pecah buluh darah informasi orang sembuh stroke murah informasi salah luka orang laku sia video tusuk jarum tubuh derita stroke loh niat sakit stroke rupa sakit lambat tangan tangan efek stroke sifat permanen percaya udah tusuk darah bantu lancar alir darah iya gampang modal jarum bikin orang stroke sembuh nggak bapak-ibu sumbat darah bayang sepele tusuk jarum pasien sadar bukun tolong pasien stroke tolong orang kena musibah nambah metode tusuk jarum bahaya orang serang stroke serang stroke sok emang nggak bawa rumah sakit awat mesti tusuk jarum telinga jari lambat tangan tim medis kompeten remeh mending cari aman aja deh biar nggak salah ambil tindak nggak aneh fast sih fast yuk simak f face perhati wajah orang wajah nyong miring tanda orang serang stroke stroke rupa sakit serang saraf a arm coba angkat tangan orang serang stroke nggak tahan tangan arah orang serang sakit stroke orang tahan 2 tangan lepas salah gejala serang stroke sisi paruh sisi s speech perhati bicara cadel dadak sulit bicara cadel serang stroke fisik lihat mulut orang ubah nyong gejala t time dilihgat ciri fisik ubah tangan cepat referensi resmi saran metode tusuk jarum tolong pasien stroke stroke tangan parah kondisi diam obat sakit stroke alami cadel anggota badan sulit gerak sakit repot nyaman cegah stroke jaga pola hidup cegah obat situ kondisi sehat ya,1
beritateknologi com smartphone layar lengkung galaxy round g flex hasil signifikan pasar harga mahal lapor henti usaha smartphone produksi handphone layar lengkung iphone milik apple 2014 kabar tinggal layar lengkung buah lapor tulis bloomberg iphone 6 milik apple hadir upgrade banding iphone 5s sumber bloomberg iphone 6 hadir desain layar lengkung apple sensor deteksi tingkat tekan beda apple model iphone 6 salah hadir layar 5 5 inci layar 4 7 inci model iphone 6 hadir desain layar lengkung,0
pokemon go wabah tarik animo masyarakat dunia landa demam game ganggu kabar negatif game media sosial edar link pokemon milik arti negatif sudut salah agama edar media sosial pokemon bahasa syriac bahasa suryani arti yahudi pikachu arti yahudi charmander makna tuhan lemah rumor debat sengit media sosial rumor anggap kait lansir los angeles times edisi 24 april 2001 negara letak wilayah timur berita la times negara timur om qatar dubai yordania mesir arab saudi edar rumor game pokemon konotasi promosi perilaku anti islam yahudi timbul resah la times catat ban nintendo pimpin negara terima pokemon rumor muncul khawatir negara arab asimilasi budaya muncul rumor bukti mohammed abu laila profesor al azhar university bukti kuat rumor langsung populer pokemon pokemon singkat pocket monster monster saku nama pocket monster pokemon milik masuk pocket ball masuk saku pikachu rupa gabung pika chu arti umat muslim tinggal sia manfaat sabda rasulullah saw,1
razia permen dot indikasi narkoba laku perintah kota surabaya titik camat gerak satpol pp kota surabaya laku razia permen mas warna hijau camat genteng camat rungkut camat sawah camat sawah kota surabaya yunus razia laku titik sekolah razia sdn pakis i ii ix jalan pakistirtosari hasil 20 biji permen dot yunus permen dot sinyalir milik kandung narkoba fisik permen lihat narkoba permen jual pkl sekolah langsung aman aman bawa kantor camat yunus permen dot razia makan minum sd sawah temu permen keras permen kandung formalin bahaya konsumsi anak permen keras 33 biji 17 pack permen keras bentuk tablet aman yunus,0
media sosial twitter ramai bahas aja cabut aplikasi uninstall traveloka aja buntut aksi walk out pianis nama ananda sukarlan acara 90 kolese kanisius hadir gubernur dki jakarta anies baswedan sabtu 11 november 2017 ananda tinggal ruang temu kabar edar salah traveloka derianto kusuma salam sang pianis sikap traveloka nilai publik dukung leceh hadap anies pidato aja cabut aplikasi traveloka tren topik twitter tanda pagar uninstalltraveloka twitter belah suara dukung aksi boikot aplikasi traveloka sesal tindak traveloka resmi isu gulir traveloka informasi salah kabar luas edar nyata traveloka rupa usaha bas teknologi putra-putri bangsa indonesia nilai harga toleransi inovasi nilai senantiasa terap karyawan mang eksternal traveloka terang resmi viva email selasa 14 november 2017 traveloka nyata bangga salah terima harga alumni kanisius acara harga motivasi tingkat kontribusi masyarakat tingkat mobilitas kualitas hidup traveloka traveloka klarifikasi seret nama derianto hadir acara beda kabar edar traveloka kabar derianto hadir salam ananda hoaks derianto jakarta beliau halang hadir beliau laku jalan dinas rencana beliau jakarta traveloka,1
menteri uang sri mulyani bahas gaji presiden wakil presiden tanggap kabar edar kabar bahas sri mulyanidi kompleks istana presiden bogor jawa barat senin 12 3 2018 kabar hoaks alias berita bohong informasi edar foto dokumen hoaks media sosial dokumen presiden terima gaji rp 553 422 694 gaji wakil presiden dokumen hoaks capai rp 368 948 462 sri edar informasi kait gaji presiden wapres khusus media sosial edar dokumen olah institusi perintah foto dokumen palsu isi nominal gaji tunjang presiden wakil presiden media sosial informasi dokumen perintah publikasi hoaks sri,1
demam buru pokemon game nintendo pokemon corps niantic labs nama pokemon go nampaknya timbul opini publik saking trendnya game isu negatif seliwer media sosial oknum nyata pokemon go rupa produk sengaja hancur agama kejut nama pokemon go arti yahudi konon ambil bahasa syriac arti nama monster pokemon pikachu arti yahudi monster kadal nama charmander arti tuhan lemah orang awam percaya argumen argumen langsung tepis cinta pokemon ajar kisah kutip forum kaskus com pokemon ambil pocket monster monster poket tema pokemon koleksi latih monster dunia fiksi bumi cipta pokemon pokemon sebar alih binatang trainer master hebat pikachu gabung pika chu pika nama hewan jenis tikus jepang chu gambar suara tikus cit inti ya monster bentuk tikus raichu beda rai baca huruf kanji arti petir main yugioh raigeki arti serang petir kenal dewa raijin raichu maksud petir suara tikus charmander bahasa inggris char arti arang bakar arang salamander kadal api warna merah salamander bakar arang charmeleon gabung chameleon kadal ubah warna loh gan charizard lizard arti kadal,1
detasemen khusus densus 88 anti teror mabes polri duga bendera isis rusuh rutan teroris mako brimob isu bendera duga isis selidik teman densus wenang teman densus brimob jaga densus kadiv humas polri irjen pol setyo wasisto wartawan mabes polri jakarta selatan senin 13 11 setyo lurus isu kait rusuh akibat lempar kitab suci alquran tugas jaga rutan mako brimob kelapa depok klarifikasi sebar hoaks buang alquran habis sembahyang sweeping temu handphone handphonenya marah setyo terang setyo rusuh bakar tindak rusa laku napi gak napi rusak fasilitas rutan pungkas setyo jumat 10 11 ribut rutan teroris mako brimob kelapa depok cabang rutan salemba 16 00 sore karo penmas divisi humas mabes polri brigjen pol rikhwanto rusuh laku tahan teroris rusak fasilitas rutan pintu sel tahan jebol pintu pagar lorong blok kaca jendela blok c blok b rikwanto rilis resmi rusuh rikhwanto shalat jumat tahan giring masuk sel anggota piket densus laku geledah kamar a 5 c 5 rb kamar temu hp buah ponsel milik juhanda saulihun kairul anam jumali salah tahan terima pancing tugas anggota pancing rikwanto tahan teriak pancing napi blok belah kondusif situasi anggota piket iii pelopor lepas tembakam udara narapidana,1
gubernur dki jakarta anies baswedan sayang aja uninstall traveloka ramai seliwer linimasa twitter aja uninstall traveloka picu aksi walk out pianis ananda sukarlan gubernur dki jakarta anies baswedan pidato hormat orang pandang hormat orang beda uninstall anies gedung dprd dki jakarta jalan kebon sirih gambir jakarta pusat selasa 14 11 2017 anies aplikasi traveloka manfaat masyarakat aja muncul beda pandang traveloka manfaat warga buah jasa faedah masyarakat mari beda pandang sehat hormat harga laku hukum nggak uninstall anies aja meng-uninstall aplikasi traveloka seliwer linimasa twitter rupa picu aksi walk out pianis ananda sukarlan gubernur dki jakarta anies baswedan pidato aksi walk out acara 90 kolese kanisius sabtu 11 11 hall d jiexpo mayor ananda kursi vip-nya walk out anies sambut aksi alumni dasar informasi edar linimasa hadir salah cto traveloka derianto kusuma salam selamat ananda aksi walk out pidato anies anggap dukung hadap aksi ananda informasi pancing netizen laku aksi boikot traveloka hashtag boikottraveloka tengger salah trending topic twitter indonesia kabar hoax alias pr manager traveloka busyra oryza cto traveloka derianto kusuma salah terima harga acara halang hadir traveloka bangga salah derianto kusuma terima harga alumni kanisius beliau halang hadir beliau laku jalan dinas rencana bilang deri dukung ananda beliau situ nyata traveloka rupa usaha bas teknologi putera-puteri bangsa indonesia nilai harga toleransi inovasi nilai senantiasa terap ckaryawan mang eksternal sambung,1
laku aksi bela islam negara laku masyarakat muslim gabung forum umat islam fui gerah perilaku pimpin negeri jalan atur uu nyata anggap muara nista agama islam laku dakwa basuki tjahaja purnama alias ahok jalan sidang henti masyarakat anggap alas kes pakar hukum tata negara masuk mantan ketua mk mahfud md kritisi sikap perintah khusus menteri negeri mendagri tjahjo kumolo masuk presiden joko widodo alias jokowi diam ahok kursi gubernur kepala daerah alami akibat tuntut aksi aksi bela islam negara 212 laksana gedung mpr dpr ri rupa jakarta akibat coba kumpul mesjid istiqlal maksudn laksana shalat subuh jamaah kondisi cuaca berita turun hujan akibat usaha masuk lindung tunggu masuk shalat milik mobil mewah lap emas nyata orang indonesia rupa pagar masjid istiqlal tutup rapat terima media upa foto terang selang 5 menit berita turun masuk kumpul laksana shalat subuh masjid istiqlal gembok ga blh yg shalat shubuh rezim pki nantang umat bela islam perang muka allahu akbar isi tulis terang foto kirim media foto kumpul harap pintu buka marah tuju perintah masjid istiqlal kelola langsung menteri agama badan laksana kelola masjid istiqlal bppmi urus bppmi lantik langsung menteri agama struktur ketua bppmi pertanggungjawabannya langsung presiden kait libat pki kait pdip partai kuasa dukung utama presiden jokowi paslon dki jakarta ahok-djarot pdip isi generasi pentol pki 1960-an tutup berani bangga anggota dpr ri komisi ix pdip ribka tjiptaning wawancara terbit salah media tanggal 30 september 2015,0
marak jual bebas permen dot duga kandung narkoba buah sekolah dasar sd negeri banyumas jawa ambil langkah cepat laku razia kantin sekolah rabu 08 03 2017 razia guru sd negri 1 kracak banyumas arah siswa bahaya permen narkoba guru jual permen minum kemas curiga kandung narkoba rumin orang dagang lingkung sdn 1 kracak jual berita bahaya jajan anak jual ngandung aneh aneh jual makan ringan lai aja pisah kepala sekolah sdn 1 kracak wanto tirta kumpul siswa kandung bahaya permen sekolah harap giat antisipasi din edar narkoba lingkung sekolah didik anak anak jajan makan sehat gizi pungkas,1
badan laksana kelola masjid istiqlal bppmi lurus informasi edar media sosial kait tutup gerbang unjung malam aksi 212 sekretaris bppmi kh rusli effendi 2002 laku atur tutup pintu gerbang malam 21 30 wib buka 03 40 wib jelang ibadah salat subuh ziarah kenan inap area masjid kecuali kondisi izin aman pimpin bppmi rusli jakarta selasa 21 2 kait kondisi malam tanggal 20 21 februari aman masjid istiqlal jemaah aksi 212 kumpul halaman mesjid kena prosedur paham sedia tinggal area masjid rusli bppmi pemberitahuan kait rencana jemaah inap kondisi umat islam aksi 411 212 112 komunikasi khusus wajib kait masjid istiqlal senantia berkhidmad umat upaya bangsa jaga nyaman ibadah imbau kaum muslimin pengaruh berita dipertanggungjawabkan pungkas,1
jejaring sosial edar informasi ikan lele ikan jorok jijik dunia potong daging ikan lele kandung 3 000 sel kanker juluk ikan jorok rujuk sifat lele doyan konsumsi hidup jenis limbah air ikan lele ikan golong rakus makan tumbuh mangsa hewan makan bangkai kerap jumpa tampung limbah rumah tangga salur limbah terna parit selokan manfaat ternak ikan lele jarang jumpa kolam ikan lele ternak hewan unggas hewan kak sumber pakan ikan lele kotor ternak buah artikel viral internet ikan lele ternak septic tank kotor manusia ikan lele catfish kenal spesies ikan tangguh ikan lengkap alat napas upa labirin tahan hidup kondisi air lumpur kotor cemar fakta muncul duga akumulasi racun karsinogen kanker tubuh ikan lele mudah dibudidayakan tangguh mahal pakan ikan lele masuk ikan harga murah nang masyarakat ikan rupa favorit orang milik enak tekstur daging lembut gurih mudah olah aneka masakan warung rumah makan sedia menu ikan lele kenal pecel lele lele penyet aman konsumsi era modern teknologi maju lingkung abai cemar lingkung ikan lele ikan laut tangkap pantai muara cemar limbah rumah tangga industri duga cemar merkuri timbal logam bahaya sehat jenis ikan aman aman konsumsi gantung habitat ikan habitat ikan cemar limbah ikan aman konsumsi khawatir lele rupa ikan kembang biak air kotor rendah oksigen ternak lele kolam lele kandang hewan laku lele ikan konsumsi kotor hewan kotor manusia lele kandung bakteri bakteri ikan e coli shigella salmonella bakteri hilang olah cuci lele bersih olah panas bakteri daging ikan mati suhu isu potong ikan lele kandung 3 000 sel kanker ikan lele ternak air cemar limbah kimia limbah organik akut aman konsumsi pilih ikan lele segar sehat pilih lele terna habitat cemar limbah pilih kulit jamur daging tekan keras rusak bau busuk mata jernih tonjol cembung insang warna merah sirip kulit mudah sobek anjur beli ikan lele hidup puasa olah konon mentralkan buang kotor tubuh ikan lele olah cuci sih lele bersih air alir olah matang panas bunuh bakteri anjur makan jeroan organ ikan lele cuci bersih hindar kolesterol olah lele kukus rebus goreng tanggap isu negatif putar ikan lele dr dradjat r suardi spb k onk ahli kanker himpun onkologi indonesia nyata teliti nyata makan lele picu kanker detikhealth 23 10 2015 sehat lepas khawatir ikan lele milik kandung gizi manfaat sehat tubuh lele rupa sumber protein murah kandung vitamin dha omega-3 rendah kolesterol kandung zat manfaat daging ikan lele kutip halosehat com bantu kembang otak otak rupa pusat atur sistem tubuh atur pikir perilaku gera fungsi homeostatis tubuh denyut nadi detak jantung suhu tubuh imbang cair tubuh peran otak tubuh mesti asupan otak lele kandung omega-3 dha vitamin a kembang otak lele kandung protein 25 asam amino peran proses kirim pesan sel otak sel otak sehat jantung ikan lele kandung omega-3 omega-6 kandung ikan mahal ikan kod ikan salmon kandung omega-3 omega-6 bantu aktivitas sehat jantung otak porsi ikan lele kandung 220 mg omega-3 875 mg omega-6 lele kandung kalium peran jaga kadar elektrolit jantung sehat sistem saraf salah tugas sistem saraf tubuh terima informasi bentuk stimulasi sistem saraf ganggu timbul ganggu sehat tanda sakit kepala bantu jaga sehat saraf konsumsi vitamin b12 sesuai butuh daging lele rupa sumber vitamin b12 sehat neurologis sistem saraf tubuh bantu diet turun berat badan orang tubuh berat badan ideal laku capai berat badan ideal salah diet lele makan konsumsi jalan diet turun berat badan kandung karbohidrat lemak lele kandung lemak lele banding lauk hewani daging sapi ayam bantu proses sembuh luka dengar konsumsi makan bau amis milik luka jalan operasi proses sembuh luka harap percaya mitos belaka ikan bau amis makan bau amis sumber protein salah lele ikan lele milik protein peran proses sembuh luka protein milik zat bangun luka protein bantu proses bentuk sel bantu jaga sehat tulang gigi kandung fosfor lele bantu sehat tulang gigi asupan fosfor tubuh osteoporosis tulang keropos hamil butuh fosfor tingkat bentuk tulang janin bantu jaga tekan darah banding kalium natrium ikan lele 5 banding 1 sehat edar darah tekan darah jaga omega-3 kandung lele percaya jaga tekan darah tetep normal informasi putar lele ikan anggap kotor nyata ikan milik nilai gizi ikan lele ternak bersih aman konsumsi daging sehat manusia,1
komunitas reog ponorogo krp rencana gelar demontrasi kantor menteri negeri jalan jambon jakarta pusat senin 2 11 2015 besok 09 30 utama kemenlu mengklarifiksi pembakran properti reog ponorogo kjri davao filipina selatan wakil ketua krp jabodetabek s nojeng surya minggu 1 11 2015 berita bakar properti reog ponorogo dadak merak barong gayor ukir ular naga staf kjri davao filipina selasa 20 10 2015 alas bakar barong reog dadak merak gayor ukir ular naga usir setan ukir naga berhala berita edar media online klarifikasi sabtu 30 10 2015 kjri davao musnah bakar paksa laku reog ponorogo kondisi rusak makan rayap tulis kjri davao usia reog 1988 lepas krp klarifikasi kronologi peristiwa tuntas larut reog ponorogo seni indonesia dunia nojeng jojeng resah teman komunitas reog ponorogo komunitas seni reog ponorogo jatim jakarta ponorogo peristiwa bakar pria lahir tambakbayan kota ponorogo laku kemenlu informasi klarifikasi kronologi peristiwa laku pasang spanduk area kemenlu pasang properti reog ponorogo dadak merak barongan gayor laku testimoni seniman reog ponorogo tampil davao 2007 terang pers,1
balai awas obat makan bbpom produk permen duga kandung narkoba edar surabaya aman konsumsi hasil uji laboratorium 16 indikasi kandung uji negatif narkoba metaphetamine amphetamine semu negatif alias permen bebas narkoba plt kepala bbpom surabaya retno kurpaningsih kamis 9 3 2017 hasil uji laboratorium cepat kirim dinas sehat kota surabaya mohon uji rekomendasi permen maksud aman konsumsi bbpom surabaya permen negatif badan nasional narkotika bnn surabaya rilis hasil uji laboratorium permen maksud hasil langsung kepala bnn komjen budi waseso kepala bnn surabaya akbp suparti berita produk permen merek permen keras jual sekolah toko dagang asong razia satpol pp pekan duga kandung narkoba kemas permen warna warni agam bentuk permen kemas bentuk dot bayi razia senin 6 3 2017 14 camat tugas satpol pp sita 345 botol permen duga kandung narkoba,1
menkominfo nyata main facebook kemarin curi data cambridge analytica facebook alami bobol data salah izin akses aplikasi lapor cnn indonesia menteri komunikasi informatika rudiantara nyata facebook blokir lusa laku dasar lapor kena nasib data juta indonesia bocor facebook kunjung terima menkominfo rudiantara keluh kena aplikasi kuis temu timeline facebook temu langsung facebook blokir penuh aplikasi kuis temu facebook janji kabar perintah kena nasib data facebook indonesia curi tumblr diblokirbeberapa janji facebook salah hapus blokir aplikasi kuis tuju utama aplikasi curi data bocor data indonesia lepas hubung kondisi politik indonesia salah staf ahli menkominfo henri subiakto tutup data bocor manfaat pilkada dki 2017 kemarin facebook kena skandal fatal kena curi data kenal nama cambridge analytica bos facebook mark zuckerberg facebook intip isi pesan messenger aplikasi chatting pasang ponsel android pesan intip bisnis facebook facebook mesin otomatis deteksi pesan kirim kirim gambar facebook deteksi eksploitasi anak gambar,0
jakarta news - badan urus kelola masjid istiqlal bppmi kabar edar media sosial masjid istiqlal tutup pintu jamaah inap senin 20 2 malam izin sholat subuh istiqlal 2002 masjid istiqlal laku atur tutup pintu gerbang 21 30 wib buka pagi 03 40 wib jelang ibadah sholat subuh sekretaris bppmi rusli efendi masjid istiqlal jakarta selasa ziarah kenan inap area masjid kecuali kondisi izin aman pimpin bppmi jamaah kumpul halaman masjid istiqlal atur paham sedia tinggal area masjid bppmi pemberitahuan kait rencana jamaah inap kondisi umat islam aksi 411 212 112 komunkiasi khusus wajib kait bppmi berita negatif masjid istiqlal gembok biar forum umat islam fui sesuai nyata cenderung muat provokasi segenap kaum muslimin mohon pengaruh berita dipertanggungjawabkan subuh laksana sholat subuh jalan pimpin imam salim ghazali 170 jamaah laki 70 jamaah perempuan masjid istiqlal seru umat upaya bangsa senantiasa jaga nyaman ibadah,1
edar berita nyata gaji presiden wakil presiden ri fantastis capai milyar nyata kabar gaji presiden wakil presiden fantastis berita hoaks bohong menteri uang sri mulyani indrawati nyata kabar edar kait gaji presiden wakil presiden edar tida bahas wartawan istana bogor terang kena temu presiden joko widodo delegasi asi infrastructure investment bank aiib senin 12 03 18 sri mulyani edar informasi dokumen olah institusi perintah menpan media sosial hoaks media sosial informasi dokumen perintah publikasi edar luas media sosial kena rencana gaji presiden wakil presiden ri isu presiden usul terima gaji rp 553422694 wakil presiden usul terima gaji rp 368948462,1
jakarta - edar foto aksi 212 jilid media sosial masuk masjid istiqlal pintu masjid tutup kelola masjid isu edar hoax ribu persen kepala protokol masjid istiqlal abu hurairah abdul salam selasa 21 2 pagi atur masjid istiqlal ramadhan masjid tutup 21 30 wib buka jam shubuh ramadhan masjid buka 24 jam malam aksi jawa timur bus madura masuk masjid isya masjid ibadah bersih jam 10 malam ketemu ketua rombong rombong atur istiqlal masjid tutup buka jam shubuh abu terang rombong jawa timur paham erti kelola masjid tunggu tinggal masjid istiqlal sukarela 03 40 wib masjid buka foto lihat orang ngantre masuk rombong ziarah wali songo anak sekolah mah istiqlal rombong simpul berita edar instagram twitter media sosial bohong,1
2012 heboh muncul kuas sikat bebahan bulu babi mui fatwa haram pakai sikat bulu babi muncul info sikat gigi bahan bulu babi info kaum muslim cermat pilih sikat gigi produk bersih gigi pakai bahan halal ayoo teliti sikat gigi tulis bristle paket makna sikat gigi kandung bulu babi bristle makna pig hair bulu babi check paket sikat gigi beli kuas oles roti catat bristle pure bristle 100 china bristle bulu sikat gigi plastik bulu babi langkah mengechecknya saksi bungkus bristles bulu babi sila bulu sikat bakar cium bau rambut bakar makna bulu babi leleh keras makna plastik aman pakai haram ibadah terima doa terima neraka layak hadist selamat orang cinta hidup pakai jenis kuas rias muka luk sih debu cat tinggal oles loyang kue oles makan ayam bakar roti kue daging seafood panggang bakar sikat manfaat sisir rambut sih rambut salon pangkas rambut bersih pakai gosok lantai kuas sikat bulu babi kuas suplai indonesia china kuas impor produksi pakai bulu babi babi rimba bulu bulu babi ekonomis banding bulu binatang kambing tupai musang kuda rakun unta anjing umat muslim pakai bulu babi terang haram material babi larang konsumsi aplikasi istilahnyapig boar hog bristle hair brush jual agam pasar toko alat lukis toko bahan bangun toko alat make up salon toko online dll familiar agam bentuk kuas lukis kuas cat tembok kuas make up sikat rambut sikatbarber tukang cukur sikat baju dll waspada tips hindar kuas sikat bulu babi 1 kuas sikat 100 sintetis bahan nilon kuas cat tembok kuas makan harga mahal bahan nilon tekstur bahan plastik sikat gigi 2 alternatif kuas roller paintuntuk cat spon cotton buds rias muka pisau spatula oles makan 3 waspada makan proses bersih alat kuas babi 4 ciri kuas bulu babi bakar timbul bau khas daging panggang 5 kuas bulu babi jual warna putih hitam produsen olah bulu babi putih lantas warna bulu binatang and rujuk nyata lapang literatur internet ikan informasi keluarga rekan orang baca lepas product yg halal moga manfaat,0
nikmat kuliner bahan dasar ikan lele berita sungguh sedih ikan enak anggap sumber sakit informasi masyarakat nyata ikan lele kandung 3000 sel kanker ikan lele hidup lengkap alat nafas labirin hidup ikan ikan ikan lele hidup kotor lumpur jorok ikan lele makan limbah kotor opini masyarakat lele sakit kanker budidaya lele laku kotor jorok budi daya lele laku kolam bersih kolam sintetis air bersih pasok makan lele jamin lihat masak olah ikan lele asa nikmat goreng orang si jual lele minyak jelantah goreng ikan lele minyak goreng ulang minyak goreng ulang ulang warna hitam pekat sakit kanker ikan lele kanker makan goreng minyak jelantah sel kanker tubuh manusia simpul anggap lele kandung sel kanker ikan lele sel kanker olah minyak jelantah sel kanker tubuh manusia,1
gubernur dki jakarta anies baswedan sayang aja uninstall traveloka ramai seliwer linimasa twitter aja uninstall traveloka picu aksi walk out pianis ananda sukarlan gubernur dki jakarta anies baswedan pidato hormat orang pandang hormat orang beda uninstall anies gedung dprd dki jakarta jalan kebon sirih gambir jakarta pusat selasa 14 11 2017 anies aplikasi traveloka manfaat masyarakat aja muncul beda pandang traveloka manfaat warga buah jasa faedah masyarakat mari beda pandang sehat hormat harga laku hukum nggak uninstall anies aja meng-uninstall aplikasi traveloka seliwer linimasa twitter rupa picu aksi walk out pianis ananda sukarlan gubernur dki jakarta anies baswedan pidato aksi walk out acara 90 kolese kanisius sabtu 11 11 hall d jiexpo mayor ananda kursi vip-nya walk out anies sambut aksi alumni dasar informasi edar linimasa hadir salah cto traveloka derianto kusuma salam selamat ananda aksi walk out pidato anies anggap dukung hadap aksi ananda informasi pancing netizen laku aksi boikot traveloka hashtag boikottraveloka tengger salah trending topik twitter indonesia kabar hoax alias pr manager traveloka busyra oryza cto traveloka derianto kusuma salah terima harga acara halang hadir traveloka bangga salah derianto kusuma terima harga alumni kanisius beliau halang hadir beliau laku jalan dinas rencana bilang deri dukung ananda beliau situ nyata traveloka rupa usaha bas teknologi putera-puteri bangsa indonesia nilai harga toleransi inovasi nilai senantiasa terap karyawan mang eksternal sambung,1
ribut rumah tahan teroris markas komando brimob polri kelapa depok jumat 10 11 2017 petang ribut tugas densus 88 laku sweeping sel narapidana sita ponsel piket densus laksana geledah temu hp buah milik juhanda saulihun kairul anam jumali kepala biro terang masyarakat divisi humas polri brigjen pol rikwanto terang tulis jumat malam sita ponsel salah napi terima pancing ribut pancing tugas provokasi aksi hasil pancing reaksi tugas tahan blok rusuh elak lawan laku napi hadap tugas akibat rusak fasilitas rutan jebol pintu sel tahan kaca pecah anggota piket tembak suasana reda piket densus anggota siaga piket tunggu kembang rikwanto tahan laku provokasi rutan koordinasi brimob polri mem-back up aman rutan mako brimob,1
negara masuk indonesia game mobile pokemon go terpa isu berita negatif game mobile karya niantic fatwa game haram perintah arab saudi nyata fatwa haram pokemon go berita media hoax perintah arab saudi ban haram pokemon go fatwa pokemon go haram arab saudi nyata hoax abdulmohsen alyas wakil kementierian budaya informasi arab fatwa haram cendikiawan senior kait game pokemon go perintah arab saudi desak media internasional verifikasi ulang berita tri kait lansir indogamers laman cnn 22 7 2016 berita kena fatwa haram game pokemon go edar website masuk reuters langsung rujuk game pokemon go berita nyata konsep karakter pokemon berdsarakan teori evolusi charles darwin ajar agama islam fatwa nyata kartu main simbol agama organisasi simpang freemasonry zionis shinto isu hoax kena fatwa haram pokemon go arab saudi edar berita kalah heboh pokemon milik arti yahudi bahasa syriac karakter pokemon milik arti negatif pikachu arti yahudi charmander arti tuhan lemah well kait isu terpa game pokemon go,1
orang netizen berita rusuh rutan mako brimob depok kabar edar luas medsos rusuh tugas rutan lempar alquran rusuh mako brimob kelapa depok tawan teroris bakar hancur ruang tugas jaga ahmad tim nya lempar al quran akibat tawan amuk tulis kronologi rusuh sebar karut brimob kamar isolasi asatidz acak kamar ustad cari hp ustad sakit duli puncak kmarahan ikhwah adl brimob acak acak kitab tauhid lempar kitab2 quran ikhwan terima takbir karna terima laku brimob leceh asatidz quran ikhwah teriak takbir si brimob teriak anjing ikhwah situ puncak marah ikhwah rusuh rutan rusuh rutan brimob lepas tembak ikhwah yg kontrol karna alquran leceh tanggap resmi polri rusuh tahan rutan mako brimob depok jawa barat sore polisi picu tahan terima periksa pancing ribut karo penmas divisi humas polri brigjen rikwanto ribut rutan teroris mako brimob cabang rutan salemba depok jawa barat sore 16 00 wib jumat 10 11 2017 rikwanto salat jumat tahan masuk sel tim densus 88 laksana giat tim densus 88 laku geledah 4 buah hp temu temu hp 4 buah milik juhanda saulihun kairul anam jumali catat detikcom napi terorisme salah orang tahan terima geledah rikwanto tahan nama lantas laku provokasi giat periksa salah tahan terima mancing-mancing tugas anggota pancing tahan takbir keras pancing tahan blok belah akibat rusuh fasilitas rutan rusak napi pintu sel tahan jebol pintu pagar lorong blok kaca jendela blok c blok b rikwanto langsung aparat rikwanto langsung kendali situasi rikwanto ban isu liar media sosial picu lempar alquran aparat hoax,0
jakarta sakit stroke sakit langka gaya hidup masyarakat stres jarang olah raga minum minum alkohol makan atur pilih makan cepat saji nyata picu sakit stroke wajib waspada hadap gejala pingsan alami miring mulut rupa salah tanda stroke orang cepat tolong sembarang salah bahaya pasien wawancara detikhealth senin 18 3 2013 dr ahmad yanuar sps tindak laku kena stroke tindak laku kali langsung bawa rumah sakit derita tindak terapi reperfusi reperfusi fungsi lancar buluh sumbat jam langsung pasien langsung tindak minimal risiko dokter saraf universitas indonesia stroke sumbat darah otak sumbat tangan cegah dampak buruk pasien periksa lengkap kena kondisi tusuk jarum jari tusuk telinga hilang sumbat darah otak pasien rupa dr fritz sumantri sps pasien langsung dibawake rumah sakit tusuk jarum bawa klinik pasien pindah bawa rumah sakit bahaya tusuk jarum pasien cepat bawa rumah sakit sembuh cepat lambat tangan bijak olah informasi tangan derita bawa rumah sakit cegah sakit jaga pola hidup cegah obat,1
edar berita kait permen bentuk dot edar surabaya jawa timur duga kandung narkoba bahan bahaya permen impor negara viral media sosial tuding kandung narkoba badan narkotika nasional bnn focal point narkoba indonesia bnn provinsi jawa timur bnn kota surabaya bawa sample permen laku periksa ilmiah balai laboratorium narkoba bnn kait kandung permen bnn menghimbau masyarakat sabar tunggu hasil periksa harap orang tua anak waspada hadap bentuk jenis narkoba konsumsi makan minum obat milik ijin edar,1
aparat polisi polda lampung laku lidi antisipasi masuk narkoba jenis permen bentuk dot duga kandung zat adiktif narkoba narkoba jenis edar media sosial daring berita media pulau jawa kapolda lampung irjen pol sudjarno edar informasi temu makan anak upa permen bentuk dot duga kandung narkoba edar temu pulau jawa temu barang bahaya masuk wilayah lampung perhati khusus polda lampung laku lidi perintah direktur narkoba kapolres jajar laku lidi permen bentuk dot duga kandung narkoba edar lampung musnah barang bukti mapolresta bandarlampung kamis 9 3 2017 tugas telusur hadap barang upa permen bentuk dot sinyalir kandung narkoba informasi temu barang edar lampung narkoba jenis hasil tembakau gorila lapor temu kena permen bentuk dot sinyalir kandung narkoba edar lampung antisipasi laku periksa jalur pintu masuk labuh bandara stasiun terminal jalur alternatif temu permen dot sinyalir kandung narkoba pulau jawa bnn pusat laku periksa ilmiah laboratorium edar informasi narkoba jenis bentuk permen dot badan narkotika nasional bnn himbauan tuang surat b hb-01 iii 2017 humas tanggal 8 maret 2017 bnn menghimbau masyarakat waspada hadap bentuk narkoba konsumsi makan minum jenis obat milik izin edar bukti temu permen dot duga kandung narkoba bnn laku periksa sampel permen ilmiah balai laboratorium narkoba bnn edar permen bentuk dot impor negara tiongkok viral media sosial daring pulau jawa sinyalir kandung narkoba permen dot indikasi kandung zat adiktif narkoba jual sekolah kota surabaya permen kemas beda tarik bel permen bentuk permen bubuk warna merah muda bungkus kertas putih pack-nya tulis permen keras bungkus bubuk masuk botol tutup bentuk dot konsumsi bubuk campur air campur air bubuk kental permen konsumsi manis campur masam kecut permen dot mati lantar harga murah bentuk tarik anak bel kuak permen dot duga kandung narkoba permen warna-warni tarik calon beli kota surabaya tugas curiga kemas permen dot cantum lebel menteri sehat bungkus tulis permen keras permen impor negeri,1
jagat dunia maya ramai aja boikot traveloka tagar uninstall traveloka tengger pucuk trending topic twitter rupa imbas aksi walk out wo komposer nama indonesia ananda sukarlan gubernur dki jakarta anies baswedan pidato acara 90 kolese kanisius jiexpo mayor jakarta sabtu 11 11 anies baswedan pidato ananda wo ruang aksi ratus alumni hadirin anies selesai sambut tinggal acara dasar informasi himpun salah cto traveloka derianto kusuma hadir acara rupa salam selamat ananda aksi walk out pidato anies anggap dukung hadap aksi ananda tindak derianto rupa pancing netizen boikot traveloka berita tulis uninstalltraveloka tengger nomor trending topic twitter netizen komentar miring hadap traveloka akun dimasprakbar hak bos traveloka utk walkout gubernur dki pidato hak publik utk uninstalltraveloka puas lihat sikap bos traveloka deriantokusuma owner traveloka contoh aksi hormat wo kanisius diskon harga banding hormat bye traveloka timpal hizzatullah kolom ken uninstalltraveloka tp nyadar ane install cuit akun ainurohman netizen bela nilai aksi boikot traveloka dampak hadap aplikasi mesan hotel tiket jalan ngapain gara2 gubernur aplikasi manfaat uninstalltraveloka tulis akun fansyahazwar traveloka ngasih untung gue sih bos nya ngapain kek tetep ga uninstalltraveloka sambung inddraa5 twit,0
pokemon arti yahudi broadcast edar media sosial iring heboh game pokemon go broadcast pokemon bahasa syriac bahasa suryani arti yahudi pikachu arti yahudi polemik arti pokemon cuat 2001 ulama arab saudi haram pokemon nilai kampanye teori evolusi anggap propaganda yahudi anak muslim agama komik main pokemon turun rak toko pesan batal fatwa haram pokemon ulama qatar dubai jordania mesir mohammed abu laila salah orang profesor universitas al azhar mesir temu bukti pokemon bahsa suryani arti yahudi bukti valid pikachu arti yahudi game pokemon sebar ide atheis allah sudut pandang orang tua game anak allah sebar ide atheis kutip los angeles times 24 april 2001,0
seru uninstall aplikasi traveloka bincang jejaring sosial orang pianis nama ananda sukarlan laku walk out gubernur dki jakarta anies baswedan pidato raya 90 kolese kanisius jakarta internasional expo mayor ananda sukarlan rupa salah alumni kolese kanisius aksi walk out kabar alumni salah cto traveloka derianto kusuma dukung aksi walk out laku ananda salam selamat aksi buntut seru uninstall traveloka tanggap usaha traveloka nyata salah bos hadir raya kolese kanisius tolak kota bangga salah derianto kusuma terima harga alumni kanisius beliau halang hadir beliau laku jalan dinas rencana traveloka buah nyata terima okezone kait dukung kabar cto traveloka pianis traveloka nyata usaha nilai harga terap karyawannya tanggap isu putar pidato anies acara raya 90th kolese kanisius nyata traveloka rupa usaha bas teknologi putera-puteri bangsa indonesia nilai harga toleransi inovasi nilai senantiasa terap karyawan mang eksternal terang usaha,1
edar media sosial kena tusuk jarum tolong pasien stroke gambar hoax mitos belaka stroke stroke kegawatdaruratan bidang saraf tanda gejala lemah sisi tubuh wajah miring sisi sulit bicara gejala muncul garis sumbat buluh darah otak stroke iskemik pecah buluh darah otak stroke hemoragik tolong stroke temu kerabat gejala stroke bawa rumah sakit rumah sakit tuju milik fasilitas ct scan ct scan tenaga medis jenis stroke alami pasien tolong stroke iskemik stroke hemoragik beda stroke iskemik tuju tolong hancur beku darah sumbat buluh darah otak metode laku obat prosedur endovaskular stroke hemoragik tuju utama obat henti darah referensi resmi saran metode tolong pasien stroke pasien stroke iskemik metode manfaat hancur sumbat otak hubung stroke hemoragik pasien milik tekan darah buluh darah otak pecah darah ujung jari turun tekan darah henti darah otak darah tusuk jarum ujung jari efek makna hadap tekan darah otak manusia 20 suplai darah pompa jantung tubuh upaya tahan biarpun darah pasien jantung pompa darah otak bahaya tindak tusuk jarum tolong stroke manfaat pasien nyata tindak tusuk jarum dampak buruk pasien dampak buruk pasien lambat tolong buang steril jarum laku tusuk proses tusuk timbul luka infeksi simpul simpul tusuk jari jarum pasien stroke manfaat celaka pasien temu pasien gejala stroke tolong ikan bawa derita cepat rumah sakit,1
tolong derita stroke stroke sakit serang saraf otak fungsi anggota tubuh saraf serang sakit stroke tekan darah pecah buluh darah asupan oksigen otak ganggu orang serang stroke ringan tolong derita stroke parah stroke total tolong derita stroke laku ajar bahas pindah tolong derita stroke pindah posisi derita jatuh kamar mandi lapang derita pindah posisi pindah salah pecah buluh darah serang stroke parah anjur ganti posisi derita posisi duduk derita jatuh tusuk ujung jari jarum sadar derita stroke pingsan tusuk ujung jari derita jarum suntik jarum suntik jarum ukur jarum pentul jarum steril bakar tusuk laku jarak 1mm kuku tusuk jarum usaha darah ujung jari minimal 1 tetes 10 detik darah tetes laku net jari darah tarik telinga tolong derita stroke tarik kuping derita warna merah laku derita sadar pingsan mulut menceng tarik laku tusuk jarum ujung telinga derita usaha darah ujung telinga tusuk jarum darah tetes menit mulut derita normal menceng tolong medis laku tolong derita stroke tusuk ujung jari tarik telinga tusuk ujung telinga jarum steril derita bawa derita ahli medis tolong medis derita stroke sekurag-kurangnya 6 jam derita alami gejala stroke 6 jam gejala proses sembuh susah butuh tolong derita stroke ajar cermat praktik orang alami gejala stroke ilmu manfaat orang,0
stroke salah sakit hantu pasca lebaran akibat kontrol puasa pola makan jaga menu garam lemak tekan darah dadak jenis stroke ringan berat stroke ringan sumbat buluh darah otak gejala utama bicara cadel bibir miring sisi tubuh asa lemas gerak stroke berat darah akibat pecah buluh darah otak stroke jenis bahaya tolong derita sadar pingsan tinggal dunia dr rocksy fransisca sps rs siloam tolong derita stroke baring tubuh tuju metabolisme tubuh lambat tingkat bantal kepala miring 30 derajat terang cepat bawa pasien rumah sakit periksa golden periode tangan stroke 3 6 jam serang sumbat golden periode cacat permanen laku tindak dr muhammad rhadian arief spbs rs medistra dr frandy susatia sps rs siloam kebon jeruk derita kena serang stroke tusuk jari tangan manfaat tusuk telinga jari darah stroke hilang terang ban info edar kait tolong hadap derita stroke,1
traveloka klarifikasi kait rumor salah derianto sumo laku aksi walk out gubernur dki jakarta anies baswedan pidato acara hut ke-90 kolese kanisius mayor sabtu 11 11 2017 sedia layan mesan tiket jalan hotel ban derianto hadir acara libat aksiwalk out pr manager traveloka busyra oryza derianto rupa salah terima harga alumni kanisius derianto jabat chief technology officer cto traveloka hadir kota baca modal tiongkok guyur startup lokal beliau halang hadir beliau laku jalan dinas rencana busyra terang resmi selasa 14 11 2017 kait pidato anies acara kolese kanisius busyra nyata traveloka rupa usaha bas teknologi anak indonesia nilai harga toleransi inovasi nilai senantiasa terap karyawan mang eksternal edar isu derianto salah alumni kanisius ruang anies pidato informasi picu aja aplikasi traveloka uninstalltraveloka salah topik populer twitter aksiwalk outsaat anies pidato komposer nama ananda sukarlan kursi vip dankeluar ruang untukmenunjukkan ketidaksukaannya aksi ratus alumni hadir,1
salah orang gemar aneka olah daging ikan lele penasaran informasi edar jejaring sosial nyata ikan lele ikan jorok jijik dunia potong daging ikan lele 3000 sel kanker ikan lele rupa ikan makan omnivora hidup jenis limbah air jarang jumpa tampung limbah rumah tangga salur limbah terna parit selokan manfaat ternak ikan lele ikan lele kenal nama catfish kenal ikan tangguh nafas insang ikan milik alat nafas upa labirin tahan hidup kondisi air lumpur kotor cemar nyata picu muncul duga akumulasi racun karsinogen kanker tubuh ikan lele ikan lele aman konsumsi isu nyata potong ikan lele 3000 sel kanker ikan lele ternak air cemar limbah kimia limbah organik akut ikan lele aman konsumsi bakteri tubuh ikan bakteri e coli shigella salmonella bakteri hilang olah cuci bersih daging ikan lele olah matang panas bakteri daging ikan mati suhu teliti beli ikan lele olah masakan pilih ikan lele kulit jamur daging keras tekan rusak bau busuk mata jernih tonjol ingsang warna merah sirip kulit mudah sobek cemas konsumsi olah daging ikan lele suka moga manfaat,1
jurnaldigital com bupati cianjur irvan rivano muchtar larang warga cianjur khusus kaum muda main game online pokemon go alas makna kandung main mayoritas duduk cianjur nilai bahaya irvan salah aplikasi main telepon pintar bas android apple gandrung cinta game utama anak muda irvan arti pokemon salah bahasa yahudi hadap kaum tindas saudara palestina ajar agama selasa 19 juli 2016 irvan perintah kabupaten cianjur imbau telepon pintar main pokemon go luncur resmi amerika resmi indonesia batas imbau larang didik bahaya irvan kabar edar pokemon go akibat celaka main rumah jalan cari pokemon ganggu konsentrasi jalan teliti bahaya antisipasi buruk komandan distrik militer 0608 cianjur letnan kolonel armed imam haryadi larang anggota main game pokemon go khusus markas game bas gps rekam data lokasi lengkap khawatir disalahgunakan imam game pokemon go dimensi bas gps rekam data lokasi cari monster rekam data masuk bahaya larang anggota tni kodim koramil main utama lingkung markas tni armed,0
gaji presiden ri drastis capai rp 500 juta rp 6 6 miliar rancang atur perintah gaji tunjang fasilitas pns sah tera materi rpp indeks gaji presiden 96 000 poin temu angka rp 553 juta pasal 2 uu nomor 7 1978 gaji presiden 6 kali gaji pokok jabat indonesia ketua dpr ma bpk pp 75 2000 jabat terima gaji rp 5040000 gaji pokok presiden rp 30240000 keppres 68 2001 tunjang jabat presiden rp 32500000 total uang terima presiden rp 62740000 rp 752880000 istana ubah 2001 gaji presiden ri bilang banding pimpin negara dunia perdana menteri pm singapura lee hsien loong catat gaji usd 2 2 juta tara rp 30 3 miliar lee dor leuthard presiden swiss catat gaji usd 437000 rp 6 miliar perdana menteri australia malcolm trunbull gaji usd 403700 rp 5 5 miliar gaji presiden jokowi president rrc xi jinping bayar usd 20 500 rp 283 juta presiden amerika serikat donald trump catat usd 1 pribadi trump presiden 45 as kaya pribadi usd 3 miliar bijak publik universitas indonesia ui lina miftahul jannah wajar presiden milik indeks hasil hasil terima orang nomor sat indonesia masuk akal kepala negara kepala perintah tugas tanggung resiko orang presiden wajar jabat gaji apbn gaji presiden bahaya jabat perintah gaji presiden istana komentar kait skema gaji pns presiden jabat negara juru bicara presiden johan budi sapto prabowo informasi kena informasi konfirmasi ya konfirmasi mantan laksana tugas plt pimpin kpk progress rpp,0
dengar berita makan ikan lele kanker gemar makan lele berita bikin kalang kabut isu mitos fakta sih yuk cek isu ikan lele kanker lele kanker lele ikan air tawar kandung nutrisi tubuh masuk protein asam lemak omega-3 vitamin b kompleks lele kandung racun zat bahaya sifat picu kanker karsinogenik tubuh manusia teliti ikan lele tingkat risiko serang kanker lele cemar zat karsinogen kandung alami ikan lele jenis lele kanker ikan lele air cemar picu tumbuh sel kanker ikan lele cemar zat karsinogenik dibudidayakan air cemar jenis polutan bahan polusi buah tim ahli university of pittsburgh school of the health sciences amerika serikat bukti teliti ahli ambil ekstrak ikan lele tumbuh air cemar ekstrak suntik sel kanker payudara laboratorium hasil suntik esktrak ikan lele cemar nyata sel kanker tumbuh lipat ganda teliti nyata ikan lele kandung zat kimia sifat hormon estrogen tubuh manusia kadar estrogen tubuh tingkat risiko kanker payudara ikan lele uji tim ahli ambil air campur limbah pabrik limbah manusia racun merkuri akibat konsumsi makan laut ikan bahaya cemar air gawat ikan tinggal air cemar konsumsi manusia konsumsi ikan lele takut ikan lele air cemar tingkat risiko kanker ikan lele terna lele aman konsumsi keluarga terna lele indonesia atur awas menteri laut ikan perintah syarat khusus budidaya lele sumber air bersih fasilitas bahan kimia pakan lele syarat atur cbib budidaya ikan ikan pilih terna kantong sertifikat cbib khawatir isu bisik tetangga lele kanker tips aman konsumsi lele lele golong aman sehat kadang sulit air lele beli salah risiko batas makan lele ikan lele aman konsumsi kali minggu buang kulit ikan lele olah masakan kulit ikan mudah cemar zat polutan air kotor variasi pilih lauk-pauk variasi kaya imbang asupan nutrisi tubuh keluarga,1
pasu amerika serikat sita dokumen rahasia mantan presiden irak saddam hussein curiga pokemon curiga muncul serial tv pokemon populer kalang anak 2001 lansir laman mirror dokumen saddam hussein larang tayang pokemon milik arti orang yahudi catat dokumen sadar fenomena sebar cepat dunia muslim anak anak lekat fenomena nama fenomena milik arti pokemon arti orang yahudi charmander arti allah lemah pikachu arti orang yahudi,0
aja meng-uninstall aplikasi traveloka seliwer linimasa twitter rupa picu aksi walk out pianis ananda sukarlan gubernur dki jakarta anies baswedan pidato aksi walk out acara 90 kolese kanisius sabtu 11 11 hall d jiexpo mayor ananda kursi vip-nya walk out anies sambut aksi alumni dasar informasi edar linimasa hadir salah cto traveloka derianto kusuma salam selamat ananda aksi walk out pidato anies anggap dukung hadap aksi ananda informasi pancing netizen laku aksi boikot traveloka hashtag boikottraveloka tengger salah trending topic twitter indonesia kabar hoax alias pr manager traveloka busyra oryza cto traveloka derianto kusuma salah terima harga acara halang hadir traveloka bangga salah derianto kusuma terima harga alumni kanisius beliau halang hadir beliau laku jalan dinas rencana bilang deri dukung ananda beliau situ nyata traveloka rupa usaha bas teknologi putera-puteri bangsa indonesia nilai harga toleransi inovasi nilai senantiasa terap karyawan mang eksternal sambung gubernur dki jakarta anies baswedan sayang aja uninstall traveloka ramai seliwer linimasa twitter aja uninstall traveloka picu aksi walk out pianis ananda sukarlan gubernur dki jakarta anies baswedan pidato kait anies seru dukung hormat beda hormat orang pandang hormat orang beda uninstall anies gedung dprd dki jakarta jalan kebon sirih gambir jakarta pusat selasa 14 11 2017 anies aplikasi traveloka manfaat masyarakat aja muncul beda pandang traveloka manfaat warga buah jasa faedah masyarakat mari beda pandang sehat hormat harga laku hukum nggak uninstall anies,0
kepala protokol masjid istiqlal abu hurairah abdul salam nyata kabar edar media sosial aksi 212 jilid masuk masjid istiqlal pintu masjid tutup hoax ribu persen abdul salam republika co id selasa 21 2 pagi abdul salam atur masjid istiqlal ramadhan masjid tutup 21 30 wib buka jam shubuh ramadhan masjid buka 24 jam malam abdul salam aksi jawa timur bus madura masuk masjid isya masjid ibadah bersih jam 10 malam ketemu ketua rombong rombong atur istiqlal masjid tutup buka jam shubuh terang abdul salam rombong jawa timur paham erti kelola masjid tunggu tinggal masjid istiqlal sukarela 03 40 wib masjid buka foto lihat orang ngantre masuk rombong ziarah wali songo anak sekolah mah istiqlal rombong simpul berita edar instagram twitter media sosial bohong,1
game niantic inc rilis timbul polemik polemik fakta rasional dar polemik hembus dasar opini sumber game pokemon go bincang tarik konyol maklum berita sebar simpang siur kait sumber gila pokemon go kait teroris isis duh fakta rasional polemik langgar laku main pokemon go terobos larang ganggu lintas celaka main abai hadap lingkung larut seru main laku kaji serius monster pokemon random tutup larang bahaya jalan stasiun ka orang pokemon trainer jatuh tebing kejar pokemon bibir jurang br rilis game pokemon go sebar berita indonesia ancam blokir daftar distribusi game pokemon go niantic inc buka portal download indonesia region sebar situs sedia file apk offline installer pokemon go android indonesia main game berita simpang siur moga berita antusiasme gemar pokemon indonesia masuk kabar siar media massa tv surat kabar solusi niantic inc google laku blokir keyword a href http www akozo net 2016 07 download-pokemon-go-apk-for-android html target blank pokemon go apk a search engine logis br berita nyelenehbin ngawur sumber berita terkadang sumber relevan kali sebar media sosial viral cepat info hoax terkadang bikin gereget ketawa konyol sebar berita hoax info hoax bin konyol edar kait pokemon go 1 remaja bunuh adik kandung gara-gara pokemon go gempar dunia maya sebar berita orang remaja florida timmy richard 15 tega bunuh adik kandung usia 13 sengaja hapus data pokemon go ponselnya telusur nyata sumber berita cartellpress com situs kenal berita satire berita hoax pancing media sosial laku klik iklan situs kabar edar situs laku klarifikasi maaf salah redaksional salah page nya 2 pokemon go alat mata amerika berita viral media sosial bbm facebook dasar sebar berita dar manfaat momen uforia pokemon go laku analisis dasar pasal berita sebar teknologi augmented reality pakai pokemon go pakai produk game niantic inc ingress sempurna dukung game pokemon go teknologi game pokemon go rupa sarana mata amerika arti laku game ingress populer pokemon go main android indonesia hoax berita salah stasiun televisi hadir narasumber ilmiah jabar situs cissrec org bahwasannya pokemon go saran paksa menginstal run at startup rupa dasar malware meretasperangkat masuk ponsel pokemon trainer data perangkat langsung kirim https sso pokemon com sso rupa server official kembang fakta jabar cissrec org data kirim perangkat ponsel server resmi niantic kali main monster 50 kb logika transefer file data kirim gambar kualitas bukti ambil gambar ponsel file data cipta kisar sampi 3 mb banding data kirim server induk 3 pokemon yahudi nyeleneh berita sebar beranta facebook geleng kepala bagaiman bahasa asing diplesetkan tuju kadang habis pikir sang sebar hoax dapet sumber isu hembus hilang isu sebar tuju arti pokemon pokemon bahasa inggris rupa singkat poke rupa singkat pocket arti kantong saku mon rupa singkat monster arti monster arti monster saku maksud rupa betapa monster wadah saku nama pikachu rupa tokoh masyhur kartun bentuk pika bahasa jepang makna sinar chu rupa suara mulut tikus nama pikachu tokoh bentuk tikus senjata sengat listrik geli berita sebar orang anti kelompok facebook notabene salah orang kelompok benci lepas game pokemon go bawa problema manfaat game milik unsur bahaya bawa rumah perhati main seru permai sisi game kabar metode terapi motivasi idap depresif ganggu spektrum ganggu cemas paranoid fobia sosial laku aktivitas ruang henti urung kamar media batas wajar rugi orang kendali media wajar sesuai proporsi manfaat wajar,1
masyarakat muslim heboh kabar sikat gigi bahan bulu babi salah tanda kandung bahan sikat gigi bristle cantum kemas bristle lantas arti bulu babi alhasil muslim khawatir sikat gigi edar pasar kutip laman halalmui org lppom mui istilah bristle arti rambut serat kaku definisi rujuk websters dictionary rambut kaku masuk jenggot kaku ijuk daun pinus masuk kategori bristle dunia industri bristle kerap bahan kuas sikat masuk sikat gigi bahan bristle hewan babi kuda kambing serat sintesis nylon silikon bulu sikat gigi istilah bristle tulis nama produk boar bristle brush arti sikat bulu babi boar arti babi hutan celeng sikat gigi cantum kalimat kemas sikat gigi nyata haram arti produk rupa sikat bulu babi hutan sikat gigi bulu celeng tulis lppom mui kutip halalmui org rabu 2 november 2016 sikat gigi cantum istilah bristle kemas bahan bulu babi produsen bulu kuda kambing unta serat nylon silikon produk sikat gigi informasi sumber bahan pakai sederhana bahan bulu hewan maksud bakar bahan bau rambut tanduk bakar tinggal bahan plastik sabut kelapa bau khas bakar tulis lppom mui,0
reda masyarakat informasi tangan gelaja stroke metode tusuk ujung jari tangan jarum respon nyeri akibat tusuk jarum tekan darah risiko buruk stroke spesialis saraf dr fk unika atma jaya dr dr yuda turana sp s news jakarta kamis metode spesialis jantung rumah sakit harapa dr dicky armein hanafy spjp k fiha resiko infeksi jarum steril bersih pesan elektronik ketimbang tolong rumah dokter saran lari derita rumah sakit tolong keluarga langsung bawa rumah sakit yuda nyata nada spesialis jantung rumah sakit harap dr siska s danny spjp stroke darah otak sumbat buluh darah otak terapi dasar tusuk jari jarum salah saran stroke sumbat terapi obat encer darah stroke darah encer darah tindak laku pasien curiga stroke bawa rumah sakit jenis stroke tusuk jari pesan elektronik tanda nali sakit kepala parah lemah mati lihat bingung sulit jalan bicara pusing ahli sehat sepakat sakit stroke cegah salah laku gaya hidup sehat lansir medical daily laku enyah stroke henti rokok stroke rokok hubung sehat kanker sakit jantung tingkat trigliserida darah turun kadar kolesterol hdl rusak lapis alir darah sumbat alirah darah rutin olahraga buah studi temu jalan jam risiko perempuan derita stroke 50 persen aktif laku aktivitas fisik tingkat sehat kardiovaskular turun tekan darah --kedua hubung erat risiko stroke jaga berat badan sehat hubung risiko diabetes sakit jantung stroke tahan berat badan ideal samping konsumsi makan sehat jaga rileks upaya buang risiko kena stroke samping konsumsi makan sehat jaga rileks upaya buang risiko kena stroke,1
apple resmi nyata tanggap keluh iphone 6 plus bengkok usaha cupertino ban perangkat mudah lengkung normal usaha asuh ceo tim cook lengkung jarang khawatir smartphonenya uji model material lapor the verge apple terima sembilan komplain iphone 6 plus penuh lampau standar kualitas tahan tulis apple pilih bahan kualitas bangun hati kuat tahan iphone 6 unibody kuat kekuataan ekstra smartphone milik stainless steel titanium lindung bodi apple masuk kaca kuat industri smartphone normal buah lengkung iphone langka sambung enam jual sembilan langgan hubung apple iphone 6 plus lengkung minggu pekan sulit usaha steve jobs plus mudah lengkung apple hadap keluh kena ios 8 rilis 17 september apple rilis ios 8 0 1 rabu 24 9 sayang sistem operasi idevice menginstalnya apple janji rilis ios 8 0 2,1
menteri komunikasi informatika rudiantara menteri kominfo tutup akun facebook nilai hadir konten sara negatif hoax pecah umat bangsa sesuai uu ite landas uud 1945 tutup akun facebook milik orang tutup selenggara akun facebook hengkang indonesia konten sara berita hoax lampu batas putus tutup akun sesui uu tutup akun kominfo tutup penyelanggaranya facebooknya tutup ya paksa rudiantara jitunews com diskusi fatwa mui hukum pedoman muamalah medsos jakarta senin 5 6 malam manfaat media sosial mui tutup ya tutup dukung usir tutup facebook indonesia rudiantara dukung komisi i dpr ri rapat dengar mei 2017 minggu rapat dpr komisi i situasi negatif rusak umat islam hubung gara-gara media sosial beber rudiantara data 111 juta orang indonesia pakai facebook arti 75 persen masyarakat indonesia facebook media sosial tingkat ukhuwah media sosial bangun rekat hubung manusia kecendrungannya negatif kesal uu ite tugas perintah laku sosialisasi edukasi laku batas akses putus akses hadap dunia maya serah fatwa fatwa mui hukum pedoman muamalah medsos titik ketuk pintu bantu aplikasi lapang rujuk fatwa mui kelola khusus konten sifat negatif urai tutup bicara,0
isu ikan lele kandung sel kanker jejaring sosial berita mulut mulut sebar dampak isu enggan beli ikan lele hasil rangkum komentar beli ikan lele konsumsi rutin lauk edar informasi lele kandung kanker dipisu hidup ikan lele hidup jorok juluk ikan jorok rujuk sifat lele doyan konsumsi jenis limbah air buah artikel vital internet kotor manusia pakan buah budidaya lele kota haikou tiongkok dasar isu suap daging ikan lele kandung 3000 sel kanker isu cepat kembang media sosial mulut mulut isu surut jual ikan lele medan stabil pengaruh dagang medan tani ikan lele medan pengaruh isu hadap konsumsi jual ikan lele br manalu dagang ikan lele pasar sukaramai medan jual ikan lele stabil kena dampak kait berita masyarakat konsumsi ikan lele jual lele normal harga lele stabil rp 18000 kilo sayang kabar lele kandung sel kanker budi daya lele singgung dagang sulit cari pasok ikan lele terang senin 16 11 orang tani ikan lele kawasan medan marelan pujiono pengaruh ikan lele kolam milik panen ikan penuh pasar mayoritas kirim aceh pasar medan kait ikan lele kandung sel kanker pakar gizi masyarakat guru pangan gizi institut tani bogor ipb prof dr ir ali khemsan ms konfirmasi selular senin 16 11 ban isu sayang berita bakteri sel kanker kandung ikan lele berita pembudidaya ikan lele singgung situ penuh butuh hidup picu sel kanker minyak goreng goreng ikan lele timbul sel kanker masyarakat goreng ikan lele jual minyak jelantah minyak bekas-red picu kanker harap masyarakat hati beli makan goreng minyak pungkas,0
lele salah jenis ikan kandung protein hewani pecel lele masuk menu makan favorit orang harga murah enak enak murah lele rupa ikan kotor jenis ikan konsumsi manusia ikan kotor lele hidup kolam kotor keliling kandang ayam babi gemar ikan lele lele hidup budidayakan kolam keliling kandang ayam kandang babi indonesia pelihara ikan lele kolam ikan kotor ternak lele makan ternak pakan kotor masuk bangkai ayam dll orang ternak lele tiongkok nama zhang ri-hong pasok lele panen 3 pasar rumah makan pinggir jalan provinsi hainan haikou muncul keluh masyarakat orang wartawan departemen ikan telusur ikan wartawan ambil sampel tambak 7 kolam tampung lele nyata tujuh tambak keliling kandang ayam babi tambak tumpu sampah hukum fikih islam konsumsi ikan lele halal terkadang ternak lele indonesia pelihara lele empang makan upa kotor kondisi ikan lele binatang jallalah binatang makan makan kotor najis hukum makan haram halal lele karantina pisah kotor makan bersih karantina minimal 3 lele rupa jenis ikan konsumsi limbah lele masuk jenis ikan mudah kembang biak kolam kotor ikan konsumsi limbah upa kotor hewan kotor ayam sapi babi ikan konsumsi kotor manusia kabar bahaya konsumsi ikan lele goreng edar kabar orang dokter pasien kena sakit thyroid bengkak infeksi gejala leher bengkak leher tumor bola mata panas leher batuk malam nyata pasien makan lele belut goreng juragan lele yogyakarta ayah istri anak alami gejala dokter salah orang profesor dokter pluit nyata ikan lele kandung racun ringan goreng minyak bersih hitam tubuh ikan lele kandung ribu sel kanker bahaya tubuh manusia sahabat gemar ikan lele ikan lele halal menghawatirkan konsumen bijak hati beli ikan lele pasar warung makan goreng ikan karantina ragu konsumsi bersih silah konsumsi saran rutin,0
komunitas reog ponorogo serah berkas insiden bakar reog ponorogo kjri davao philipina menteri negeri ri kemlu tindak surat buka serah menteri negeri ri menlu 2 november 2015 serah berkas komunitas reog ponorogo langsung terima menlu retno lp marsudi temu langsung ruang rapat menlu jalan jambon 6 jakarta pusat krp serah berkas upa foto prosesi bakar reog foto seniman reog tampil kjri davao 2005 copy klarifikasi kjri copy nyata maaf staf kjri nama orang periksa tim kemlu berkas laku hadap tim bentuk kemlu jalan buka transparan penuh jujur sensitifitas kemlu hadap insiden bakar reog kjri davao tunggu giat cinta reog sekretaris komunitas reog ponorogo krp m syaiful jihad jakarta senin 9 11 2015 siar pers syaiful jihad insiden bakar aset waris budaya nasional kjri davao selesai hukum pidana perdata aktor intelektual samping lindung jamin aman hadap wni davao khusus wni insiden kemlu tanggung menlu retno lp marsudi damping dirjen informasi diplomasi publik esti andayani krp tenang reaksi masyarakat cinta reog paham suasana batin cinta reog upaya hormat budaya lekat diplomat laku audit internal kjri davao audit eksternal laku inspektorat jenderal upa tim kjri davao progres hasil buka akses publik retno seraya azas praduga salah laku sesuai prosedur laku jamin wni davao city masuk lapor insiden bakar reog keras jamin selamat pungkas menlu retno,1
ketua dewan pimpin daerah dpd lembaga rehabilitas cegah penyalahgunaan narkotika lrppn bhayangkara indonesia tanjungbalai syahrial manurung sh wartawan minggu 19 3 orangtua hati awas jajan anak duga jenis permen anak kandung narkotik zat bahaya edar pasar sesuai hasil kece lapang laku tugas bpom medan bnn sumut temu permen kandung narkoba edar khawatir tanjungbalai permen kandung narkoba edar walikota tanjungbalai mhd syahrial sh mh kapolres tanjungbalai akbp tri setyadi artono sik bekerjasama laku razia cegah edar permen bahaya masyarakat anak pisah walikota tanjungbalai mhd syahrial kepala daerah bertanggungjawab hadap wilayah kerja syahrial perintah disperindag perintah disperindag tanjungbalai laku razia pasar lapor temu permen curiga kandung narkoba syahrial,0
perintah kota surabaya laku klarifikasi kait hasil uji laboratorium hadap permen dot nyata kandung narkotika zat bahaya pemkot klaim permen dot kandung narkoba pemkot razia makan minum gelar rutin lindung warga surabaya zat bahaya kepala dinas sehat kota surabaya febria rachmanita pemkot surabaya laku awas makan minum edar sekolah dagang kaki pkl pasar supermarket kece awas laku rutin razia permen dot jual sekolah nilai salah giat rutin permen pemkot laku awas hadap makan sop adu wajib pemkot laku awas makan minum turun lapang februari kemarin 200 lokasi kadinkes konferensi pers kantor humas pemkot surabaya selasa 14 3 dokter gigi akrab sapa feni ambil sampel lokasi ambil acak lokasi jenis makan ambil sampel periksa bbpom heran berita kena razia permen dot nilai pemkot permen dot kandung narkoba tugas pemkot antisipasi makan edar sd pasar pkl supermarket curiga makan kandung zat bahaya narkoba wajib feni importir permen dot somasi pemkot surabaya kepala polisi pamong praja satpol pp kota surabaya irvan widyanto permen dot razia pekan dagang barang laku hasil uji laboratorium bpom nyata negatif narkotika zat bahaya kepala humas pemkot surabaya muhammad fikser razia awas hadap makan minum niat jatuh produk razia awas laku hadap jenis makan minum operasi produk makan minum operasi sasar dagang bersih jatuh produk patuh atur pemkot niat kesana lindung anak masyarakat makan konsumsi aman imbuh fikser klarifikasi muncul importir permen dot pt petrona inti chemindo somasi perintah kota surabaya maaf rehabilitasi nama kait tindak satpol pp laku razia permen dot duga kandung narkoba kurun 14 pemkot etikat langkah hukum kuasa hukum importir permen dot prihadi saputra gelar jumpa pers surabaya senin 13 3 tuntut laku pulih nama media produk impor klien aman laku tahap uji badan awas obat makan bpom uji permen lolos uji taraf parameter uji permen lolos uji 16 taraf parameter harap masyarakat khawatir permen dot,1
